dataset,value
Mine,0.8589634328078766
DIPK,0.8441220743756189
Precily,0.7977736318394287
oncoPredict,0.752257513926215
