key,value
0,0.008382326923310757
1,0.011923077516257763
2,0.47258520126342773
3,0.001335707027465105
4,0.000121775854495354
5,0.05730685591697693
6,0.00010392996045993641
7,0.008464448153972626
8,0.13603217899799347
9,0.014242524281144142
10,0.8317278027534485
11,0.0272409338504076
12,0.0011146708857268095
13,0.0008471687906421721
