key,value
0,0.004505987744778395
1,0.005637824069708586
2,0.24287715554237366
3,0.0006150563713163137
4,4.8201731260633096e-05
5,0.02033783495426178
6,3.79509074264206e-05
7,0.004030930809676647
8,0.0693473368883133
9,0.0054799714125692844
10,0.4160859286785126
11,0.015571088530123234
12,0.0005138824344612658
13,0.0006251642480492592
