pred,label,sample
4.1119771003723145,4.861515045166016,COSMIC_908144	Temozolomide
3.7642128467559814,4.677227973937988,COSMIC_908145	Temozolomide
3.5869038105010986,5.772168159484863,COSMIC_909750	Temozolomide
3.9247992038726807,5.759214878082275,COSMIC_906868	Temozolomide
4.461538791656494,7.431774139404297,COSMIC_907279	Temozolomide
3.1702218055725098,5.997222900390625,COSMIC_907042	Temozolomide
3.9241199493408203,7.153415203094482,COSMIC_907271	Temozolomide
3.588207483291626,4.028714179992676,COSMIC_905984	Temozolomide
