pred,label,sample
4.351809978485107,7.431774139404297,COSMIC_907279	Temozolomide
3.81725811958313,7.153415203094482,COSMIC_907271	Temozolomide
3.5826151371002197,5.772168159484863,COSMIC_909750	Temozolomide
3.875636577606201,5.759214878082275,COSMIC_906868	Temozolomide
3.7227189540863037,4.677227973937988,COSMIC_908145	Temozolomide
3.269775629043579,5.997222900390625,COSMIC_907042	Temozolomide
4.013175010681152,4.861515045166016,COSMIC_908144	Temozolomide
3.556612730026245,4.028714179992676,COSMIC_905984	Temozolomide
