pred,label,sample
4.36968469619751,7.431774139404297,COSMIC_907279	Temozolomide
3.733719825744629,5.772168159484863,COSMIC_909750	Temozolomide
4.167881488800049,4.861515045166016,COSMIC_908144	Temozolomide
3.5243120193481445,5.997222900390625,COSMIC_907042	Temozolomide
4.045140743255615,5.759214878082275,COSMIC_906868	Temozolomide
3.834409236907959,4.677227973937988,COSMIC_908145	Temozolomide
3.884634256362915,7.153415203094482,COSMIC_907271	Temozolomide
3.676560640335083,4.028714179992676,COSMIC_905984	Temozolomide
