pred,label,sample
3.708446741104126,4.677227973937988,COSMIC_908145	Temozolomide
4.0132975578308105,4.861515045166016,COSMIC_908144	Temozolomide
3.8368914127349854,5.759214878082275,COSMIC_906868	Temozolomide
3.143160343170166,5.997222900390625,COSMIC_907042	Temozolomide
3.5587375164031982,4.028714179992676,COSMIC_905984	Temozolomide
4.327827453613281,7.431774139404297,COSMIC_907279	Temozolomide
3.7986843585968018,7.153415203094482,COSMIC_907271	Temozolomide
3.5662240982055664,5.772168159484863,COSMIC_909750	Temozolomide
